{"Alaska": {"words": ["kulayrosasangbukas", "apply", "akdont", "anchorage", "blanket", "boob", "busdriver", "cashierreceptionist", "coachdaysofhorror"], "freqs": [0.3017087220009888, 0.15324870210065228, 0.1508543610004944, 0.1508543610004944, 0.1508543610004944, 0.1508543610004944, 0.1508543610004944, 0.1508543610004944, 0.1508543610004944]}, "Alabama": {"words": ["oda", "ladies", "resources", "kid", "space", "love", "mid", "electric", "amp"], "freqs": [0.17309962684689695, 0.14560747747086905, 0.14479280441179607, 0.14044849433385892, 0.1219391519910068, 0.11242549140391646, 0.09617578107951731, 0.0914543639932551, 0.08792352097897668]}, "Arkansas": {"words": ["arkansas", "business", "arwx", "blunt", "diss", "explode", "goreds", "hogs", "sneak"], "freqs": [0.30889639862162344, 0.15258624903731224, 0.13662819063477127, 0.13662819063477127, 0.13662819063477127, 0.13662819063477127, 0.13662819063477127, 0.13662819063477127, 0.13662819063477127]}, "Arizona": {"words": ["az", "phoenix", "en", "arizona", "just", "le", "patsrun", "tucson", "like"], "freqs": [0.20777109993476944, 0.18008289367061842, 0.14304497918247028, 0.13851406662317964, 0.1294533261493725, 0.10789675896266725, 0.10211042917429687, 0.10211042917429687, 0.09965955523482033]}, "California": {"words": ["california", "ca", "just", "amp", "im", "like", "posted", "photo", "good"], "freqs": [0.3298395983369996, 0.19973253738691518, 0.16881097268301706, 0.14114968114336537, 0.14005722721896663, 0.13786956129292957, 0.10653990461077766, 0.10078099084803292, 0.09810855438617679]}, "Colorado": {"words": ["colorado", "outage", "event", "time", "energy", "keywords", "staying", "ill", "pure"], "freqs": [0.37656533679332155, 0.13851797411151043, 0.09757828255522093, 0.09185984813740616, 0.08936544785607362, 0.08936544785607362, 0.08143052511907917, 0.07709520138647674, 0.07696188949910317]}, "Connecticut": {"words": ["exit", "miles", "greenwich", "louden", "ct", "amcleared", "connecticut", "connector", "road"], "freqs": [0.23425223040467655, 0.20400410791930343, 0.1581049299104884, 0.1581049299104884, 0.13225017644502482, 0.11857869743286631, 0.11857869743286631, 0.11857869743286631, 0.11814616468181882]}, "Delaware": {"words": ["climate", "situation", "denier", "hoax", "millions", "supervisor", "disaster", "humans", "kill"], "freqs": [0.3542316237600605, 0.22380888685057768, 0.21152700161914695, 0.21152700161914695, 0.21152700161914695, 0.21152700161914695, 0.2011428156168026, 0.18421330371801506, 0.15444974064625516]}, "Florida": {"words": ["florida", "miami", "just", "fl", "el", "que", "make", "im", "tampa"], "freqs": [0.31277180614484207, 0.1619816751919017, 0.13336370538653647, 0.12727131622220847, 0.1143063607854218, 0.09934592910996183, 0.09093530541717224, 0.09004060910196461, 0.08955779063876365]}, "Georgia": {"words": ["atlanta", "ga", "im", "georgia", "like", "just", "different", "dont", "youre"], "freqs": [0.2006145675651205, 0.16287258152398615, 0.1364588751560225, 0.12766381572325852, 0.10900339395333766, 0.10488189387160318, 0.09765632630626468, 0.09621693338006669, 0.09454724244645754]}, "Hawaii": {"words": ["oahu", "reached", "hawaii", "climate", "protect", "beach", "bottled", "checklink", "closely"], "freqs": [0.19801430902498968, 0.1656332115767715, 0.14851073176874227, 0.12282772911668645, 0.10461762987774426, 0.09993908559641501, 0.09900715451249484, 0.09900715451249484, 0.09900715451249484]}, "Iowa": {"words": ["clubs", "ia", "tons", "climate", "couple", "park", "assistantstoremanager", "bluffs", "decorah"], "freqs": [0.21895236273910412, 0.21895236273910412, 0.14850580104789624, 0.13581554601987458, 0.13089222161658332, 0.11153712851765524, 0.10947618136955206, 0.10947618136955206, 0.10947618136955206]}, "Idaho": {"words": ["boise", "brewfest", "byoc", "shade", "join", "beast", "bye", "opens", "bartender"], "freqs": [0.4571823578504078, 0.3657458862803263, 0.18287294314016314, 0.18287294314016314, 0.1714870569188982, 0.15296789929953458, 0.15296789929953458, 0.15296789929953458, 0.143340625508398]}, "Illinois": {"words": ["chicago", "il", "illinois", "like", "im", "temporarily", "day", "stay", "just"], "freqs": [0.26950308248110055, 0.26614114889563323, 0.14551755906093378, 0.11993206932301047, 0.11379049452745793, 0.09701170604062252, 0.0906958474628569, 0.08699205777653045, 0.08199285240457409]}, "Indiana": {"words": ["lebanon", "indiana", "indianapolis", "day", "fr", "vs", "like", "set", "just"], "freqs": [0.19013162325608204, 0.1752026177158977, 0.1752026177158977, 0.1201172215463051, 0.11790117252866708, 0.1137238447466457, 0.10031845775132797, 0.09191810165112883, 0.08884718944696811]}, "Kansas": {"words": ["wichita", "everyday", "east", "agonce", "alongside", "chalk", "cvshealth", "explanationnothing", "fansbooooo"], "freqs": [0.22260764128279797, 0.18235424417785243, 0.14715389151836258, 0.12307718455791435, 0.12307718455791435, 0.12307718455791435, 0.12307718455791435, 0.12307718455791435, 0.12307718455791435]}, "Kentucky": {"words": ["carey", "carrying", "horse", "mariah", "pappy", "pappys", "scratch", "best", "biz"], "freqs": [0.164242330045974, 0.164242330045974, 0.164242330045974, 0.164242330045974, 0.164242330045974, 0.164242330045974, 0.164242330045974, 0.15155786356996556, 0.14853117505755473]}, "Louisiana": {"words": ["orleans", "longhorns", "im", "new", "louisiana", "car", "fine", "throws", "dont"], "freqs": [0.16367018931493343, 0.14478616084055854, 0.12737088271502295, 0.12294085489876004, 0.10858962063041891, 0.10819352446505945, 0.10819352446505945, 0.09820211358896007, 0.09211179951573688]}, "Massachusetts": {"words": ["boston", "ma", "im", "el", "ebay", "en", "better", "army", "massachusetts"], "freqs": [0.24720275675563183, 0.13775489620229053, 0.1279178778356208, 0.10256303524856131, 0.09602330416068851, 0.09356547009853018, 0.09321844348232367, 0.09183659746819368, 0.09183659746819368]}, "Maryland": {"words": ["md", "tk", "crabs", "im", "picks", "like", "baltimore", "birdland", "mills"], "freqs": [0.18976016467305665, 0.135542974766469, 0.11990422341104465, 0.0966916621341575, 0.09398408583419984, 0.09362100755074823, 0.08992816755828349, 0.08992816755828349, 0.08992816755828349]}, "Maine": {"words": ["trend", "apply", "bowdoin", "kinds", "attacks", "bend", "defending", "farmington", "unit"], "freqs": [0.2045048207023541, 0.17669789893624654, 0.17393719012804582, 0.17393719012804582, 0.15729864054349635, 0.15729864054349635, 0.15729864054349635, 0.15729864054349635, 0.15729864054349635]}, "Michigan": {"words": ["mi", "im", "job", "detroit", "livonia", "mesonet", "ribs", "latest", "technician"], "freqs": [0.3412812440926355, 0.13060627747330888, 0.1302426722356305, 0.11645358319990984, 0.10479806647071542, 0.0947732533525187, 0.0947732533525187, 0.09460901729574477, 0.08777879474307303]}, "Minnesota": {"words": ["mn", "scythe", "younger", "household", "minneapolis", "charms", "got", "vomiting", "minnesota"], "freqs": [0.18946129729035924, 0.15156903783228742, 0.1370701894284558, 0.12678309277434427, 0.11367677837421555, 0.1122842443705127, 0.10712109066943386, 0.10677203803396457, 0.10280264207134186]}, "Missouri": {"words": ["missouri", "domino", "covid", "china", "auto", "airport", "present", "mo", "point"], "freqs": [0.21526720117625275, 0.14351146745083518, 0.12020511512170143, 0.1200431694508365, 0.09733754487381499, 0.09657487145083785, 0.09003237708812736, 0.08436604873908603, 0.08411017085368304]}, "Mississippi": {"words": ["order", "coffee", "csx", "establishment", "functions", "godfather", "marilyn", "murdered", "nance"], "freqs": [0.19117946596417945, 0.17484262146324342, 0.1409345476226776, 0.1409345476226776, 0.1409345476226776, 0.1409345476226776, 0.1409345476226776, 0.1409345476226776, 0.1409345476226776]}, "Montana": {"words": ["advocating", "puerto", "mj", "mt", "ricos", "relevant", "think", "terms", "bulls"],