{"Alaska": {"words": ["kulayrosasangbukas", "apply", "akdont", "anchorage", "blanket", "boob", "busdriver", "cashierreceptionist", "coachdaysofhorror"], "freqs": [1.0, 0.5079359359725438, 0.5, 0.5, 0.5, 0.5, 0.5, 0.5, 0.5]}, "Alabama": {"words": ["oda", "ladies", "resources", "kid", "space", "love", "mid", "electric", "amp"], "freqs": [1.0, 0.8411773042102272, 0.8364709216840908, 0.8113737556354337, 0.7044449154061982, 0.6494843082669063, 0.5556094073188431, 0.5283336865546486, 0.5079359359725438]}, "Arkansas": {"words": ["arkansas", "business", "arwx", "blunt", "diss", "explode", "goreds", "hogs", "sneak"], "freqs": [1.0, 0.49397224997828404, 0.44231072697655915, 0.44231072697655915, 0.44231072697655915, 0.44231072697655915, 0.44231072697655915, 0.44231072697655915, 0.44231072697655915]}, "Arizona": {"words": ["az", "phoenix", "en", "arizona", "just", "le", "patsrun", "tucson", "like"], "freqs": [1.0, 0.866736970286802, 0.6884738985709745, 0.6666666666666667, 0.6230574232413212, 0.5193059044137605, 0.49145636330728787, 0.49145636330728787, 0.4796603342144737]}, "California": {"words": ["california", "ca", "just", "amp", "im", "like", "posted", "photo", "good"], "freqs": [1.0, 0.6055444476464797, 0.5117971690910853, 0.42793431066197113, 0.42462223433788293, 0.41798971981546984, 0.32300519752005347, 0.3055454571135641, 0.2974432265889996]}, "Colorado": {"words": ["colorado", "outage", "event", "time", "energy", "keywords", "staying", "ill", "pure"], "freqs": [1.0, 0.3678457908289531, 0.25912709700302794, 0.24394132747227232, 0.2373172438469077, 0.2373172438469077, 0.21624540859896627, 0.20473260242960323, 0.20437858182720578]}, "Connecticut": {"words": ["exit", "miles", "greenwich", "louden", "ct", "amcleared", "connecticut", "connector", "road"], "freqs": [1.0, 0.870873705521955, 0.674934576449318, 0.674934576449318, 0.5645631472390225, 0.5062009323369885, 0.5062009323369885, 0.5062009323369885, 0.5043544920691615]}, "Delaware": {"words": ["climate", "situation", "denier", "hoax", "millions", "supervisor", "disaster", "humans", "kill"], "freqs": [1.0, 0.6318150945274583, 0.597143189458503, 0.597143189458503, 0.597143189458503, 0.597143189458503, 0.5678285114178487, 0.5200363021309252, 0.43601341689039036]}, "Florida": {"words": ["florida", "miami", "just", "fl", "el", "que", "make", "im", "tampa"], "freqs": [1.0, 0.517890909632978, 0.4263929892861789, 0.4069142861401969, 0.3654624826781461, 0.3176307044246678, 0.29074009751077384, 0.28787955734177506, 0.28633588091789247]}, "Georgia": {"words": ["atlanta", "ga", "im", "georgia", "like", "just", "different", "dont", "youre"], "freqs": [1.0, 0.8118681684026604, 0.6802042185282844, 0.6363636363636365, 0.5433473514726422, 0.5228029805839398, 0.4867858176578575, 0.479610900384062, 0.47128802057590874]}, "Hawaii": {"words": ["oahu", "reached", "hawaii", "climate", "protect", "beach", "bottled", "checklink", "closely"], "freqs": [1.0, 0.8364709216840908, 0.7500000000000001, 0.620297238727255, 0.5283336865546487, 0.5047063825261363, 0.5, 0.5, 0.5]}, "Iowa": {"words": ["clubs", "ia", "tons", "climate", "couple", "park", "assistantstoremanager", "bluffs", "decorah"], "freqs": [1.0, 1.0, 0.678256216055775, 0.620297238727255, 0.5978114142232384, 0.5094127650522727, 0.5, 0.5, 0.5]}, "Idaho": {"words": ["boise", "brewfest", "byoc", "shade", "join", "beast", "bye", "opens", "bartender"], "freqs": [1.0, 0.8000000000000002, 0.4000000000000001, 0.4000000000000001, 0.37509552583175043, 0.33458836867363634, 0.33458836867363634, 0.33458836867363634, 0.31353052681726556]}, "Illinois": {"words": ["chicago", "il", "illinois", "like", "im", "temporarily", "day", "stay", "just"], "freqs": [1.0, 0.9875254354995993, 0.5399476611594544, 0.44501186486956396, 0.4222233507679368, 0.3599651074396363, 0.33652990766521984, 0.3227868749242634, 0.30423715992311146]}, "Indiana": {"words": ["lebanon", "indiana", "indianapolis", "day", "fr", "vs", "like", "set", "just"], "freqs": [1.0, 0.9214806812011648, 0.9214806812011648, 0.6317582498337121, 0.6201029082356798, 0.5981321928413496, 0.527626367635921, 0.4834445742217609, 0.4672930674309909]}, "Kansas": {"words": ["wichita", "everyday", "east", "agonce", "alongside", "chalk", "cvshealth", "explanationnothing", "fansbooooo"], "freqs": [1.0, 0.8191733362207089, 0.6610460030499138, 0.552888408720699, 0.552888408720699, 0.552888408720699, 0.552888408720699, 0.552888408720699, 0.552888408720699]}, "Kentucky": {"words": ["carey", "carrying", "horse", "mariah", "pappy", "pappys", "scratch", "best", "biz"], "freqs": [1.0, 1.0, 1.0, 1.0, 1.0, 1.0, 1.0, 0.9227698092662358, 0.9043416214077]}, "Louisiana": {"words": ["orleans", "longhorns", "im", "new", "louisiana", "car", "fine", "throws", "dont"], "freqs": [1.0, 0.8846214539531183, 0.7782167494774291, 0.7511499523117053, 0.6634660904648387, 0.6610460030499138, 0.6610460030499138, 0.6000000000000001, 0.5627891059531664]}, "Massachusetts": {"words": ["boston", "ma", "im", "el", "ebay", "en", "better", "army", "massachusetts"], "freqs": [1.0, 0.5572546925051723, 0.5174613726580399, 0.4148943830345237, 0.3884394552104884, 0.37849687166321844, 0.377093057964856, 0.37150312833678156, 0.37150312833678156]}, "Maryland": {"words": ["md", "tk", "crabs", "im", "picks", "like", "baltimore", "birdland", "mills"], "freqs": [1.0, 0.7142857142857142, 0.6318724671093702, 0.5095466812054595, 0.49527826873531533, 0.49336491519202996, 0.47390435033202766, 0.47390435033202766, 0.47390435033202766]}, "Maine": {"words": ["trend", "apply", "bowdoin", "kinds", "attacks", "bend", "defending", "farmington", "unit"], "freqs": [1.0, 0.8640280377224993, 0.8505285573742154, 0.8505285573742154, 0.7691683746293501, 0.7691683746293501, 0.7691683746293501, 0.7691683746293501, 0.7691683746293501]}, "Michigan": {"words": ["mi", "im", "job", "detroit", "livonia", "mesonet", "ribs", "latest", "technician"], "freqs": [1.0, 0.38269397962537266, 0.38162856731815636, 0.3412246796905731, 0.30707244621468155, 0.27769839389941386, 0.27769839389941386, 0.27721716013806086, 0.25720368834346735]}, "Minnesota": {"words": ["mn", "scythe", "younger", "household", "minneapolis", "charms", "got", "vomiting", "minnesota"], "freqs": [1.0, 0.8000000000000002, 0.72347329712616, 0.6691767373472727, 0.6000000000000001, 0.5926500344734328, 0.5653982750116254, 0.5635559323249587, 0.5426049728446201]}, "Missouri": {"words": ["missouri", "domino", "covid", "china", "auto", "airport", "present", "mo", "point"], "freqs": [1.0, 0.6666666666666667, 0.5583995818447138, 0.5576472811227272, 0.45217081070385007, 0.4486278955787879, 0.4182354608420454, 0.391913158521582, 0.39072450607473996]}, "Mississippi": {"words": ["order", "coffee", "csx", "establishment", "functions", "godfather", "marilyn", "murdered", "nance"], "freqs": [1.0, 0.9145470753433478, 0.7371845449609319, 0.7371845449609319, 0.7371845449609319, 0.7371845449609319, 0.7371845449609319, 0.7371845449609319, 0.7371845449609319]}, "Montana": {"words": ["advocating", "puerto", "mj", "mt", "ricos", "relevant", "think", "terms", "bulls"], "freqs": [1.0, 0.8364709216840908, 0.5, 0.5, 0.5, 0.45217081070385007, 0.45138722727380726, 0.4182354608420454, 0.391913158521582]}, "North Carolina": {"words": ["carolina", "nc", "north", "just", "charlotte", "clay", "durham", "peer", "im"], "freqs": [1.0, 0.8649114731562582, 0.6090023596118052, 0.5725701084088806, 0.4781995280776391, 0.4781995280776391, 0.4781995280776391, 0.4781995280776391, 0.4557370696838632]}, "North Dakota": {"words": ["merchandiser", "fargo", "fineeeeee", "graphic", "interference", "passiondont", "wineeeeeee", "rndc", "design"], "freqs": [1.0, 0.5977494100970488, 0.5977494100970488, 0.5977494100970488, 0.5977494100970488, 0.5977494100970488, 0.5977494100970488, 0.4428202606256126, 0.4210815326299205]}, "Nebraska": {"words": ["quarter", "ne", "astronaut", "bennington", "cdt", "douglas", "extension", "farmhomemanagementadvisor", "hbd"],